Designator,Footprint,Quantity,Value,LCSC Part #
"C1, C4, C8, C9",C_0402,4,10uF,C15525
"C10, C11, C12, C13, C14, C7",C_0603,6,100nF,C14663
C15,C_0402,1,100nF,C1525
C2,C_0402,1,1uF,C52923
C3,C_0402,1,1nF,C1523
"C5, C6",C_0805,2,47uF,C16780
CARD1,TF-SMD_TF-01A,1,~,
D1,D_0603,1,Red,C2286
D2,D_0603,1,White,C2290
D3,D_0603,1,Yellow,C89811
D4,D_0805,1,Green,C2297
"J1, J2",PinSocket_1x18_P2.54mm_Vertical,2,Conn_01x18_Socket,
J3,AUDIO-TH_PJ313D,1,~,
J4,PinHeader_1x03_P2.54mm_Vertical,1,Conn_01x03_Pin,
"Q1, Q2",Q_SOT-23,2,MMBT3904,C7420353
"R1, R2, R3, R4",R_0603,4,27Ω,C25190
"R13, R15, R16, R23, R27, R28, R29, R30, R31",R_0402,9,10kΩ,C25744
"R14, R7",R_0402,2,4.7kΩ,C25900
"R17, R18, R20, R21",R_0402,4,470Ω,C25117
"R19, R22",R_0402,2,1kΩ,C11702
"R26, R32, R33",R_0402,3,100kΩ,C25741
R5,R_0603,1,10Ω,C22859
R6,R_0805,1,2.7kΩ,C17530
"S1, S2",SW_TS-1088-AR02016,2,"Tactile Button, 160gf",C720477
"TP1, TP2",TestPoint_THTPad_D2.0mm_Drill1.0mm,2,TestPoint,
U1,VQFN-32-1EP_5x5mm_P0.5mm_EP3.5x3.5mm,1,TLV320AIC3204,
U2,AUDIO-TH_PJ-3401,1,~,
X1,Oscillator_SMD_Abracon_ASE-4Pin_3.2x2.5mm,1,YC24.576MUBCE2O,C52204801
