Designator,Mid X,Mid Y,Rotation,Layer
C1,122.85,-55.15,90.0,top
C10,120.5,-51.2,180.0,top
C11,116.1,-50.9,0.0,top
C12,125.6,-63.7,0.0,top
C13,128.72,-60.7,0.0,top
C14,128.72,-59.5,0.0,top
C15,122.05,-53.6,270.0,top
C2,118.6,-62.5,180.0,top
C3,118.6,-63.3,180.0,top
C4,128.5,-61.725,0.0,top
C5,125.6,-53.4,90.0,top
C6,128.3,-52.6,0.0,top
C7,122.78,-63.7,180.0,top
C8,127.35,-57.7,0.0,top
C9,123.35,-53.85,180.0,top
CARD1,120.165338,-76.306103,0.0,top
D1,131.5,-76.91,90.0,top
D2,121.035,-41.430013,90.0,top
D3,123.297963,-41.444278,90.0,top
D4,129.8,-76.9,90.0,top
J1,110.7,-62.09,0.0,bottom
J2,136.1,-62.09,0.0,bottom
J3,116.15,-43.65,270.0,top
J4,132.995,-55.835,0.0,top
JP1,120.9,-62.7,90.0,bottom
JP2,123.875,-64.775,0.0,bottom
JP3,128.85,-61.1,0.0,bottom
JP4,128.9,-58.6,0.0,bottom
JP5,123.55,-45.0,180.0,bottom
Q1,122.1,-44.44,90.0,top
Q2,122.1,-47.885,90.0,top
R1,118.2,-60.3,0.0,top
R13,122.05,-55.45,270.0,top
R14,121.7,-64.7,180.0,top
R15,133.4,-77.4,0.0,top
R16,133.9,-78.2,0.0,top
R17,129.8,-74.8,0.0,top
R18,131.7,-75.0,0.0,top
R19,120.1,-52.225,180.0,top
R2,118.2,-61.5,0.0,top
R20,121.2,-39.525,0.0,top
R21,123.0,-39.525,180.0,top
R22,121.575,-50.2,0.0,top
R23,113.6,-69.05,270.0,top
R26,129.45,-54.0,0.0,top
R27,122.413065,-69.05,270.0,top
R28,114.694011,-69.040101,270.0,top
R29,115.816182,-69.040101,270.0,top
R3,118.2,-57.9,0.0,top
R30,120.212614,-69.040101,270.0,top
R31,121.3,-69.05,270.0,top
R32,118.7,-51.2,270.0,top
R33,117.9,-51.2,270.0,top
R4,118.2,-59.1,0.0,top
R5,119.3,-56.7,0.0,top
R6,127.6,-55.29,90.0,top
R7,119.625,-64.1,180.0,top
S1,131.8,-80.3,180.0,top
S2,131.8,-83.7,180.0,top
TP1,132.1,-47.6,0.0,bottom
TP2,127.2,-47.2,0.0,bottom
U1,123.35,-59.45,0.0,top
U2,129.297672,-45.295035,270.0,top
X1,119.55,-54.375,180.0,top
